1,Lokesh,Gupta
2,Amit,Mishra
3,Pankaj,Kumar
4,David,Miller
5,Ramesh,Gupta
6,Vineet,Mishra
7,Amit,Kumar
8,Dav,Miller
9,Vikas,Kumar
10,Pratek,Mishra
11,Brian,Kumar
12,David,Cena
1,Lokesh,Gupta
2,Amit,Mishra
3,Pankaj,Kumar
4,David,Miller
5,Ramesh,Gupta
6,Vineet,Mishra
7,Amit,Kumar
8,Dav,Miller
9,Vikas,Kumar
10,Pratek,Mishra
11,Brian,Kumar
12,David,Cena
1,Lokesh,Gupta
2,Amit,Mishra
3,Pankaj,Kumar
4,David,Miller
5,Ramesh,Gupta
6,Vineet,Mishra
7,Amit,Kumar
8,Dav,Miller
9,Vikas,Kumar
10,Pratek,Mishra
11,Brian,Kumar
12,David,Cena
1,Lokesh,Gupta
2,Amit,Mishra
3,Pankaj,Kumar
4,David,Miller
5,Ramesh,Gupta
6,Vineet,Mishra
7,Amit,Kumar
8,Dav,Miller
9,Vikas,Kumar
10,Pratek,Mishra
11,Brian,Kumar
12,David,Cena
1,Lokesh,Gupta
2,Amit,Mishra
3,Pankaj,Kumar
4,David,Miller
5,Ramesh,Gupta
6,Vineet,Mishra
7,Amit,Kumar
8,Dav,Miller
9,Vikas,Kumar
10,Pratek,Mishra
11,Brian,Kumar
12,David,Cena
1,Lokesh,Gupta
2,Amit,Mishra
3,Pankaj,Kumar
4,David,Miller
5,Ramesh,Gupta
6,Vineet,Mishra
7,Amit,Kumar
8,Dav,Miller
9,Vikas,Kumar
10,Pratek,Mishra
11,Brian,Kumar
12,David,Cena
1,Lokesh,Gupta
2,Amit,Mishra
3,Pankaj,Kumar
4,David,Miller
5,Ramesh,Gupta
6,Vineet,Mishra
7,Amit,Kumar
8,Dav,Miller
9,Vikas,Kumar
10,Pratek,Mishra
11,Brian,Kumar
12,David,Cena
1,Lokesh,Gupta
2,Amit,Mishra
3,Pankaj,Kumar
4,David,Miller
5,Ramesh,Gupta
6,Vineet,Mishra
7,Amit,Kumar
8,Dav,Miller
9,Vikas,Kumar
10,Pratek,Mishra
11,Brian,Kumar
12,David,Cena
1,Lokesh,Gupta
2,Amit,Mishra
3,Pankaj,Kumar
4,David,Miller
5,Ramesh,Gupta
6,Vineet,Mishra
7,Amit,Kumar
8,Dav,Miller
9,Vikas,Kumar
10,Pratek,Mishra
11,Brian,Kumar
12,David,Cena
1,Lokesh,Gupta
2,Amit,Mishra
3,Pankaj,Kumar
4,David,Miller
5,Ramesh,Gupta
6,Vineet,Mishra
7,Amit,Kumar
8,Dav,Miller
9,Vikas,Kumar
10,Pratek,Mishra
11,Brian,Kumar
12,David,Cena
1,Lokesh,Gupta
2,Amit,Mishra
3,Pankaj,Kumar
4,David,Miller
5,Ramesh,Gupta
6,Vineet,Mishra
7,Amit,Kumar
8,Dav,Miller
9,Vikas,Kumar
10,Pratek,Mishra
11,Brian,Kumar
12,David,Cena
1,Lokesh,Gupta
2,Amit,Mishra
3,Pankaj,Kumar
4,David,Miller
5,Ramesh,Gupta
6,Vineet,Mishra
7,Amit,Kumar
8,Dav,Miller
9,Vikas,Kumar
10,Pratek,Mishra
11,Brian,Kumar
12,David,Cena
1,Lokesh,Gupta
2,Amit,Mishra
3,Pankaj,Kumar
4,David,Miller
5,Ramesh,Gupta
6,Vineet,Mishra
7,Amit,Kumar
8,Dav,Miller
9,Vikas,Kumar
10,Pratek,Mishra
11,Brian,Kumar
12,David,Cena
1,Lokesh,Gupta
2,Amit,Mishra
3,Pankaj,Kumar
4,David,Miller
5,Ramesh,Gupta
6,Vineet,Mishra
7,Amit,Kumar
8,Dav,Miller
9,Vikas,Kumar
10,Pratek,Mishra
11,Brian,Kumar
12,David,Cena
1,Lokesh,Gupta
2,Amit,Mishra
3,Pankaj,Kumar
4,David,Miller
5,Ramesh,Gupta
6,Vineet,Mishra
7,Amit,Kumar
8,Dav,Miller
9,Vikas,Kumar
10,Pratek,Mishra
11,Brian,Kumar
12,David,Cena
1,Lokesh,Gupta
2,Amit,Mishra
3,Pankaj,Kumar
4,David,Miller
5,Ramesh,Gupta
6,Vineet,Mishra
7,Amit,Kumar
8,Dav,Miller
9,Vikas,Kumar
10,Pratek,Mishra
11,Brian,Kumar
12,David,Cena
1,Lokesh,Gupta
2,Amit,Mishra
3,Pankaj,Kumar
4,David,Miller
5,Ramesh,Gupta
6,Vineet,Mishra
7,Amit,Kumar
8,Dav,Miller
9,Vikas,Kumar
10,Pratek,Mishra
11,Brian,Kumar
12,David,Cena
1,Lokesh,Gupta
2,Amit,Mishra
3,Pankaj,Kumar
4,David,Miller
5,Ramesh,Gupta
6,Vineet,Mishra
7,Amit,Kumar
8,Dav,Miller
9,Vikas,Kumar
10,Pratek,Mishra
11,Brian,Kumar
12,David,Cena
1,Lokesh,Gupta
2,Amit,Mishra
3,Pankaj,Kumar
4,David,Miller
5,Ramesh,Gupta
6,Vineet,Mishra
7,Amit,Kumar
8,Dav,Miller
9,Vikas,Kumar
10,Pratek,Mishra
11,Brian,Kumar
12,David,Cena
1,Lokesh,Gupta
2,Amit,Mishra
3,Pankaj,Kumar
4,David,Miller
5,Ramesh,Gupta
6,Vineet,Mishra
7,Amit,Kumar
8,Dav,Miller
9,Vikas,Kumar
10,Pratek,Mishra
11,Brian,Kumar
12,David,Cena
1,Lokesh,Gupta
2,Amit,Mishra
3,Pankaj,Kumar
4,David,Miller
5,Ramesh,Gupta
6,Vineet,Mishra
7,Amit,Kumar
8,Dav,Miller
9,Vikas,Kumar
10,Pratek,Mishra
11,Brian,Kumar
12,David,Cena
1,Lokesh,Gupta
2,Amit,Mishra
3,Pankaj,Kumar
4,David,Miller
5,Ramesh,Gupta
6,Vineet,Mishra
7,Amit,Kumar
8,Dav,Miller
9,Vikas,Kumar
10,Pratek,Mishra
11,Brian,Kumar
12,David,Cena
1,Lokesh,Gupta
2,Amit,Mishra
3,Pankaj,Kumar
4,David,Miller
5,Ramesh,Gupta
6,Vineet,Mishra
7,Amit,Kumar
8,Dav,Miller
9,Vikas,Kumar
10,Pratek,Mishra
11,Brian,Kumar
12,David,Cena
1,Lokesh,Gupta
2,Amit,Mishra
3,Pankaj,Kumar
4,David,Miller
5,Ramesh,Gupta
6,Vineet,Mishra
7,Amit,Kumar
8,Dav,Miller
9,Vikas,Kumar
10,Pratek,Mishra
11,Brian,Kumar
12,David,Cena
1,Lokesh,Gupta
2,Amit,Mishra
3,Pankaj,Kumar
4,David,Miller
5,Ramesh,Gupta
6,Vineet,Mishra
7,Amit,Kumar
8,Dav,Miller
9,Vikas,Kumar
10,Pratek,Mishra
11,Brian,Kumar
12,David,Cena
1,Lokesh,Gupta
2,Amit,Mishra
3,Pankaj,Kumar
4,David,Miller
5,Ramesh,Gupta
6,Vineet,Mishra
7,Amit,Kumar
8,Dav,Miller
9,Vikas,Kumar
10,Pratek,Mishra
11,Brian,Kumar
12,David,Cena
1,Lokesh,Gupta
2,Amit,Mishra
3,Pankaj,Kumar
4,David,Miller
5,Ramesh,Gupta
6,Vineet,Mishra
7,Amit,Kumar
8,Dav,Miller
9,Vikas,Kumar
10,Pratek,Mishra
11,Brian,Kumar
12,David,Cena
1,Lokesh,Gupta
2,Amit,Mishra
3,Pankaj,Kumar
4,David,Miller
5,Ramesh,Gupta
6,Vineet,Mishra
7,Amit,Kumar
8,Dav,Miller
9,Vikas,Kumar
10,Pratek,Mishra
11,Brian,Kumar
12,David,Cena
1,Lokesh,Gupta
2,Amit,Mishra
3,Pankaj,Kumar
4,David,Miller
5,Ramesh,Gupta
6,Vineet,Mishra
7,Amit,Kumar
8,Dav,Miller
9,Vikas,Kumar
10,Pratek,Mishra
11,Brian,Kumar
12,David,Cena
1,Lokesh,Gupta
2,Amit,Mishra
3,Pankaj,Kumar
4,David,Miller
5,Ramesh,Gupta
6,Vineet,Mishra
7,Amit,Kumar
8,Dav,Miller
9,Vikas,Kumar
10,Pratek,Mishra
11,Brian,Kumar
12,David,Cena
1,Lokesh,Gupta
2,Amit,Mishra
3,Pankaj,Kumar
4,David,Miller
5,Ramesh,Gupta
6,Vineet,Mishra
7,Amit,Kumar
8,Dav,Miller
9,Vikas,Kumar
10,Pratek,Mishra
11,Brian,Kumar
12,David,Cena
1,Lokesh,Gupta
2,Amit,Mishra
3,Pankaj,Kumar
4,David,Miller
5,Ramesh,Gupta
6,Vineet,Mishra
7,Amit,Kumar
8,Dav,Miller
9,Vikas,Kumar
10,Pratek,Mishra
11,Brian,Kumar
12,David,Cena
1,Lokesh,Gupta
2,Amit,Mishra
3,Pankaj,Kumar
4,David,Miller
5,Ramesh,Gupta
6,Vineet,Mishra
7,Amit,Kumar
8,Dav,Miller
9,Vikas,Kumar
10,Pratek,Mishra
11,Brian,Kumar
12,David,Cena
1,Lokesh,Gupta
2,Amit,Mishra
3,Pankaj,Kumar
4,David,Miller
5,Ramesh,Gupta
6,Vineet,Mishra
7,Amit,Kumar
8,Dav,Miller
9,Vikas,Kumar
10,Pratek,Mishra
11,Brian,Kumar
12,David,Cena
1,Lokesh,Gupta
2,Amit,Mishra
3,Pankaj,Kumar
4,David,Miller
5,Ramesh,Gupta
6,Vineet,Mishra
7,Amit,Kumar
8,Dav,Miller
9,Vikas,Kumar
10,Pratek,Mishra
11,Brian,Kumar
12,David,Cena
1,Lokesh,Gupta
2,Amit,Mishra
3,Pankaj,Kumar
4,David,Miller
5,Ramesh,Gupta
6,Vineet,Mishra
7,Amit,Kumar
8,Dav,Miller
9,Vikas,Kumar
10,Pratek,Mishra
11,Brian,Kumar
12,David,Cena
1,Lokesh,Gupta
2,Amit,Mishra
3,Pankaj,Kumar
4,David,Miller
5,Ramesh,Gupta
6,Vineet,Mishra
7,Amit,Kumar
8,Dav,Miller
9,Vikas,Kumar
10,Pratek,Mishra
11,Brian,Kumar
12,David,Cena
1,Lokesh,Gupta
2,Amit,Mishra
3,Pankaj,Kumar
4,David,Miller
5,Ramesh,Gupta
6,Vineet,Mishra
7,Amit,Kumar
8,Dav,Miller
9,Vikas,Kumar
10,Pratek,Mishra
11,Brian,Kumar
12,David,Cena
1,Lokesh,Gupta
2,Amit,Mishra
3,Pankaj,Kumar
4,David,Miller
5,Ramesh,Gupta
6,Vineet,Mishra
7,Amit,Kumar
8,Dav,Miller
9,Vikas,Kumar
10,Pratek,Mishra
11,Brian,Kumar
12,David,Cena
1,Lokesh,Gupta
2,Amit,Mishra
3,Pankaj,Kumar
4,David,Miller
5,Ramesh,Gupta
6,Vineet,Mishra
7,Amit,Kumar
8,Dav,Miller
9,Vikas,Kumar
10,Pratek,Mishra
11,Brian,Kumar
12,David,Cena
1,Lokesh,Gupta
2,Amit,Mishra
3,Pankaj,Kumar
4,David,Miller
5,Ramesh,Gupta
6,Vineet,Mishra
7,Amit,Kumar
8,Dav,Miller
9,Vikas,Kumar
10,Pratek,Mishra
11,Brian,Kumar
12,David,Cena
1,Lokesh,Gupta
2,Amit,Mishra
3,Pankaj,Kumar
4,David,Miller
5,Ramesh,Gupta
6,Vineet,Mishra
7,Amit,Kumar
8,Dav,Miller
9,Vikas,Kumar
10,Pratek,Mishra
11,Brian,Kumar
12,David,Cena
1,Lokesh,Gupta
2,Amit,Mishra
3,Pankaj,Kumar
4,David,Miller
5,Ramesh,Gupta
6,Vineet,Mishra
7,Amit,Kumar
8,Dav,Miller
9,Vikas,Kumar
10,Pratek,Mishra
11,Brian,Kumar
12,David,Cena
1,Lokesh,Gupta
2,Amit,Mishra
3,Pankaj,Kumar
4,David,Miller
5,Ramesh,Gupta
6,Vineet,Mishra
7,Amit,Kumar
8,Dav,Miller
9,Vikas,Kumar
10,Pratek,Mishra
11,Brian,Kumar
12,David,Cena
1,Lokesh,Gupta
2,Amit,Mishra
3,Pankaj,Kumar
4,David,Miller
5,Ramesh,Gupta
6,Vineet,Mishra
7,Amit,Kumar
8,Dav,Miller
9,Vikas,Kumar
10,Pratek,Mishra
11,Brian,Kumar
12,David,Cena
1,Lokesh,Gupta
2,Amit,Mishra
3,Pankaj,Kumar
4,David,Miller
5,Ramesh,Gupta
6,Vineet,Mishra
7,Amit,Kumar
8,Dav,Miller
9,Vikas,Kumar
10,Pratek,Mishra
11,Brian,Kumar
12,David,Cena
1,Lokesh,Gupta
2,Amit,Mishra
3,Pankaj,Kumar
4,David,Miller
5,Ramesh,Gupta
6,Vineet,Mishra
7,Amit,Kumar
8,Dav,Miller
9,Vikas,Kumar
10,Pratek,Mishra
11,Brian,Kumar
12,David,Cena
1,Lokesh,Gupta
2,Amit,Mishra
3,Pankaj,Kumar
4,David,Miller
5,Ramesh,Gupta
6,Vineet,Mishra
7,Amit,Kumar
8,Dav,Miller
9,Vikas,Kumar
10,Pratek,Mishra
11,Brian,Kumar
12,David,Cena
1,Lokesh,Gupta
2,Amit,Mishra
3,Pankaj,Kumar
4,David,Miller
5,Ramesh,Gupta
6,Vineet,Mishra
7,Amit,Kumar
8,Dav,Miller
9,Vikas,Kumar
10,Pratek,Mishra
11,Brian,Kumar
12,David,Cena
1,Lokesh,Gupta
2,Amit,Mishra
3,Pankaj,Kumar
4,David,Miller
5,Ramesh,Gupta
6,Vineet,Mishra
7,Amit,Kumar
8,Dav,Miller
9,Vikas,Kumar
10,Pratek,Mishra
11,Brian,Kumar
12,David,Cena
1,Lokesh,Gupta
2,Amit,Mishra
3,Pankaj,Kumar
4,David,Miller
5,Ramesh,Gupta
6,Vineet,Mishra
7,Amit,Kumar
8,Dav,Miller
9,Vikas,Kumar
10,Pratek,Mishra
11,Brian,Kumar
12,David,Cena
1,Lokesh,Gupta
2,Amit,Mishra
3,Pankaj,Kumar
4,David,Miller
5,Ramesh,Gupta
6,Vineet,Mishra
7,Amit,Kumar
8,Dav,Miller
9,Vikas,Kumar
10,Pratek,Mishra
11,Brian,Kumar
12,David,Cena
1,Lokesh,Gupta
2,Amit,Mishra
3,Pankaj,Kumar
4,David,Miller
5,Ramesh,Gupta
6,Vineet,Mishra
7,Amit,Kumar
8,Dav,Miller
9,Vikas,Kumar
10,Pratek,Mishra
11,Brian,Kumar
12,David,Cena
1,Lokesh,Gupta
2,Amit,Mishra
3,Pankaj,Kumar
4,David,Miller
5,Ramesh,Gupta
6,Vineet,Mishra
7,Amit,Kumar
8,Dav,Miller
9,Vikas,Kumar
10,Pratek,Mishra
11,Brian,Kumar
12,David,Cena
1,Lokesh,Gupta
2,Amit,Mishra
3,Pankaj,Kumar
4,David,Miller
5,Ramesh,Gupta
6,Vineet,Mishra
7,Amit,Kumar
8,Dav,Miller
9,Vikas,Kumar
10,Pratek,Mishra
11,Brian,Kumar
12,David,Cena
1,Lokesh,Gupta
2,Amit,Mishra
3,Pankaj,Kumar
4,David,Miller
5,Ramesh,Gupta
6,Vineet,Mishra
7,Amit,Kumar
8,Dav,Miller
9,Vikas,Kumar
10,Pratek,Mishra
11,Brian,Kumar
12,David,Cena
1,Lokesh,Gupta
2,Amit,Mishra
3,Pankaj,Kumar
4,David,Miller
5,Ramesh,Gupta
6,Vineet,Mishra
7,Amit,Kumar
8,Dav,Miller
9,Vikas,Kumar
10,Pratek,Mishra
11,Brian,Kumar
12,David,Cena
1,Lokesh,Gupta
2,Amit,Mishra
3,Pankaj,Kumar
4,David,Miller
5,Ramesh,Gupta
6,Vineet,Mishra
7,Amit,Kumar
8,Dav,Miller
9,Vikas,Kumar
10,Pratek,Mishra
11,Brian,Kumar
12,David,Cena
1,Lokesh,Gupta
2,Amit,Mishra
3,Pankaj,Kumar
4,David,Miller
5,Ramesh,Gupta
6,Vineet,Mishra
7,Amit,Kumar
8,Dav,Miller
9,Vikas,Kumar
10,Pratek,Mishra
11,Brian,Kumar
12,David,Cena
1,Lokesh,Gupta
2,Amit,Mishra
3,Pankaj,Kumar
4,David,Miller
5,Ramesh,Gupta
6,Vineet,Mishra
7,Amit,Kumar
8,Dav,Miller
9,Vikas,Kumar
10,Pratek,Mishra
11,Brian,Kumar
12,David,Cena
1,Lokesh,Gupta
2,Amit,Mishra
3,Pankaj,Kumar
4,David,Miller
5,Ramesh,Gupta
6,Vineet,Mishra
7,Amit,Kumar
8,Dav,Miller
9,Vikas,Kumar
10,Pratek,Mishra
11,Brian,Kumar
12,David,Cena
1,Lokesh,Gupta
2,Amit,Mishra
3,Pankaj,Kumar
4,David,Miller
5,Ramesh,Gupta
6,Vineet,Mishra
7,Amit,Kumar
8,Dav,Miller
9,Vikas,Kumar
10,Pratek,Mishra
11,Brian,Kumar
12,David,Cena
1,Lokesh,Gupta
2,Amit,Mishra
3,Pankaj,Kumar
4,David,Miller
5,Ramesh,Gupta
6,Vineet,Mishra
7,Amit,Kumar
8,Dav,Miller
9,Vikas,Kumar
10,Pratek,Mishra
11,Brian,Kumar
12,David,Cena
1,Lokesh,Gupta
2,Amit,Mishra
3,Pankaj,Kumar
4,David,Miller
5,Ramesh,Gupta
6,Vineet,Mishra
7,Amit,Kumar
8,Dav,Miller
9,Vikas,Kumar
10,Pratek,Mishra
11,Brian,Kumar
12,David,Cena
1,Lokesh,Gupta
2,Amit,Mishra
3,Pankaj,Kumar
4,David,Miller
5,Ramesh,Gupta
6,Vineet,Mishra
7,Amit,Kumar
8,Dav,Miller
9,Vikas,Kumar
10,Pratek,Mishra
11,Brian,Kumar
12,David,Cena
1,Lokesh,Gupta
2,Amit,Mishra
3,Pankaj,Kumar
4,David,Miller
5,Ramesh,Gupta
6,Vineet,Mishra
7,Amit,Kumar
8,Dav,Miller
9,Vikas,Kumar
10,Pratek,Mishra
11,Brian,Kumar
12,David,Cena
1,Lokesh,Gupta
2,Amit,Mishra
3,Pankaj,Kumar
4,David,Miller
5,Ramesh,Gupta
6,Vineet,Mishra
7,Amit,Kumar
8,Dav,Miller
9,Vikas,Kumar
10,Pratek,Mishra
11,Brian,Kumar
12,David,Cena
1,Lokesh,Gupta
2,Amit,Mishra
3,Pankaj,Kumar
4,David,Miller
5,Ramesh,Gupta
6,Vineet,Mishra
7,Amit,Kumar
8,Dav,Miller
9,Vikas,Kumar
10,Pratek,Mishra
11,Brian,Kumar
12,David,Cena
1,Lokesh,Gupta
2,Amit,Mishra
3,Pankaj,Kumar
4,David,Miller
5,Ramesh,Gupta
6,Vineet,Mishra
7,Amit,Kumar
8,Dav,Miller
9,Vikas,Kumar
10,Pratek,Mishra
11,Brian,Kumar
12,David,Cena
1,Lokesh,Gupta
2,Amit,Mishra
3,Pankaj,Kumar
4,David,Miller
5,Ramesh,Gupta
6,Vineet,Mishra
7,Amit,Kumar
8,Dav,Miller
9,Vikas,Kumar
10,Pratek,Mishra
11,Brian,Kumar
12,David,Cena
1,Lokesh,Gupta
2,Amit,Mishra
3,Pankaj,Kumar
4,David,Miller
5,Ramesh,Gupta
6,Vineet,Mishra
7,Amit,Kumar
8,Dav,Miller
9,Vikas,Kumar
10,Pratek,Mishra
11,Brian,Kumar
12,David,Cena
